code,name
1644260,Arnica Hydra Rain Su Filtreli Halı Yıkama Makinesi
1645499,heiferşömine görünümlü elektrikli ısıtıcı
1644896,KUMTEL Çift Yönlü Şömine
1647429,50 İnç 4K Ultra HD Qled Google TV
1635325,Buzlu Cam Dekoratif Gaz Lambası
1647086,hikaye kitapları tdv
1647059,Fakir Mega Blender Paslanmaz Büyük Set)
1634661,Ankastre Set Turbo Siyah
1645266,A TENNO Boyama Kitapları
1627987,Katlanır Su Kovası
1643012,ARTENİNO Benim İlk RESİMLERİM KİTABI
1621252,Kelime Oyunu
1645486,İnno Hikaye Kitapları İnkılap
1639061,Blok Oyuncak Toplar Ebby Kids
1641689,Tekli Oyun Hamuru Childgen
1638061,Terlik Erkek Siyah
1634161,Hışırtılı Bez Kitap
1646232,Oyuncak Parlak Spor Araba Piccolo Mondi
1612119,Oyuncak Bebek Barbie
1644344,43 İnç Full Hd Qled Android Tv 43S5K
1644506,PICCOLO MONDİ Metal İş Araçları
1648235,32 İnç Frameless HD Whale OS 10 Android Qled TV 32SQ80F2HA
1643647,55 İnç Frameless Ultra HD Qled Google TV
1646983,43 İnç Frameless FHD Whale OS 10 Android 43WF7500FQ
1709644,"Pınar %0,5 Yağlı Süt 1 L"
1714228,Naturalove Figürlü Tarak
1645378,Nokia Tuşlu Cep Telefonu 105 2023 Leda (TA-1557)
1647608,Katlanır Ayakkabılık 6 Katlı
1638304,Yuvarlama Kulesi Gokidy
1708407,Kakaolu Süt 180 ml Yörükoğlu
1641003,Şiş Çeşitleri
1641008,Terzi Makası
1644086,Tığ Seti 5'li Ören Bayan
1644080,Dikiş Makinesi İğne Seti
1644082,Dikiş Sökme Ve İlik Açma Aparatı
1641007,Dikiş Makası
1644087,Mini Ultra Keskin Makas Ören Bayan
1645482,Askı Seti 10'lu
1637707,Mutfak Bıçağı 26 cm
1642642,Altın Rimli Cam Kupa 275 ml Glass İn Love
1646171,Gold Süzgeçli Çelik Pipet 4'lü 18 cm Benante
1640593,Sedef İşlemeli Hasır Tepsi 28x3 cm Benante
1647877,Saklama Kabı Seti 6'lı Okyanus Home
1642564,Yapışkanlı Duvar Baharatlığı 12'li
1632773,Kepçe / Kaşık Altlığı
1630631,Altın Rimli Çay Tabağı 12 cm 6'lı
1632196,Tek Fiyat Silikon Ürünler Okyanus Home
1636482,Desenli Sufle Kabı 10'lu
